{
  "paper": "woloshyn",
  "method": "vqite_statevector",
  "ground_state_energy": 0.38507597699999935,
  "parameters": [
    0.7014299883479628,
    1.4147789277587,
    -1.0252099650952033
  ],
  "wavefunction_amplitudes": [
    0.9213678486898373,
    0.3226451145493093,
    0.18177287560779717,
    0.1180679429455622
  ],
  "energy_levels": [
    0.38507597699999935,
    3.5169476933287704,
    5.589741563611489,
    7.307731743904145
  ],
  "exact_energies": [
    0.3912765244915956,
    3.4828557391676185,
    5.643426598806614,
    7.545361137534175
  ],
  "convergence": [
    1.437441289999999,
    1.1040197929999993,
    0.895683985,
    0.7026534740000002,
    0.6172692769999999,
    0.5541132339999995,
    0.4905340080000001,
    0.48011736299999974,
    0.4385892429999999,
    0.4393340099999999,
    0.4480442839999997,
    0.42065180199999963,
    0.41313700600000053,
    0.3927352730000001,
    0.40189087999999995,
    0.41946420499999965,
    0.39446628699999997,
    0.374621193,
    0.4053503459999999,
    0.37830926099999956,
    0.38507597699999935
  ],
  "metadata": {
    "channel": "1S0",
    "n_steps": 20,
    "dtau": 0.02,
    "physics_params": {
      "alpha_s": 0.5461,
      "b": 0.1425,
      "m_c": 1.4794,
      "sigma_smear": 1.0946,
      "omega": 1.2,
      "hbar_c": 0.197326
    },
    "excited_states": {
      "state_2": {
        "energy": 3.5169476933287704,
        "wavefunction": [
          0.33553314109953214,
          -0.9288547583299986,
          -9.148265517547781e-05,
          -0.1569915309261147
        ]
      },
      "state_3": {
        "energy": 5.589741563611489,
        "wavefunction": [
          -0.18154676843181666,
          -0.03176611081152587,
          0.9814811221577694,
          0.05221582062746984
        ]
      },
      "state_4": {
        "energy": 7.307731743904145,
        "wavefunction": [
          0.12085261385620871,
          -0.12587749350633645,
          -0.045694587390154806,
          0.983596211377376
        ]
      }
    }
  },
  "timestamp": "2026-03-19T22:40:42.571579"
}