{
  "1S0": {
    "noise_levels": [
      0.0,
      0.01,
      0.05
    ],
    "exact_energy": 0.3912765244915958,
    "energies": {
      "VQE": {
        "0.0": [
          0.4249304492187499,
          0.46477066406249967,
          0.7516920947265627
        ],
        "0.01": [
          0.5212712890624994,
          0.49160340332031266,
          0.8945384155273435
        ],
        "0.05": [
          0.9406991406249995,
          1.030086145019531,
          1.1600534863281249
        ]
      },
      "VQITE": {
        "0.0": [
          0.8125016943359374,
          0.42742742431640596,
          0.386611916503906
        ],
        "0.01": [
          4.50794016845703,
          0.6925257275390623,
          1.2698246411132807
        ],
        "0.05": [
          5.441186979980468,
          6.5195758642578125,
          1.8618654003906245
        ]
      },
      "TTITE": {
        "0.0": [
          0.3791351367187501,
          0.38610552490234334,
          0.3805912670898435
        ],
        "0.01": [
          4.2657300000000005,
          4.2657300000000005,
          4.2657300000000005
        ],
        "0.05": [
          4.26573,
          4.26573,
          4.26573
        ]
      }
    },
    "fidelities": {
      "VQE": {
        "0.0": [
          0.9839596975724895,
          0.9692517477208386,
          0.8743011696397777
        ],
        "0.01": [
          0.9879678902775969,
          0.9952112298531269,
          0.8700845416169166
        ],
        "0.05": [
          0.9966754745760249,
          0.9807952164869732,
          0.9492036668585194
        ]
      },
      "VQITE": {
        "0.0": [
          0.8679237089797314,
          0.9999796788914739,
          0.9999880371209442
        ],
        "0.01": [
          0.18325992448330505,
          0.9531945271328642,
          0.7564722289915327
        ],
        "0.05": [
          0.03555776212731943,
          0.015290736005884445,
          0.7571585596455997
        ]
      },
      "TTITE": {
        "0.0": [
          0.9998348699389668,
          0.9998348699389668,
          0.9998348699389668
        ],
        "0.01": [
          0.24999999999999997,
          0.24999999999999997,
          0.24999999999999997
        ],
        "0.05": [
          0.2500000000000001,
          0.2500000000000001,
          0.2500000000000001
        ]
      }
    }
  },
  "3S1": {
    "noise_levels": [
      0.0,
      0.01,
      0.05
    ],
    "exact_energy": 0.7521796229275605,
    "energies": {
      "VQE": {
        "0.0": [
          0.7835162231445315,
          0.9611346801757814,
          0.9921699707031255
        ],
        "0.01": [
          0.8827187255859377,
          1.0512360229492188,
          1.1137994628906251
        ],
        "0.05": [
          3.7317373901367183,
          1.2790077880859376,
          1.5257412597656248
        ]
      },
      "VQITE": {
        "0.0": [
          0.7808002929687501,
          0.7333999755859374,
          0.8761586669921877
        ],
        "0.01": [
          1.25753984375,
          1.1105223144531255,
          1.0717274902343756
        ],
        "0.05": [
          4.722474902343749,
          4.899751269531248,
          7.0856662109375
        ]
      },
      "TTITE": {
        "0.0": [
          0.7383581420898437,
          0.762312890625,
          0.7273760009765625
        ],
        "0.01": [
          4.439450000000001,
          4.439450000000001,
          4.439450000000001
        ],
        "0.05": [
          4.43945,
          4.43945,
          4.43945
        ]
      }
    },
    "fidelities": {
      "VQE": {
        "0.0": [
          0.98628395904815,
          0.9511828169352496,
          0.9089908539253679
        ],
        "0.01": [
          0.9861463424188025,
          0.9315322895265661,
          0.9094745734913376
        ],
        "0.05": [
          0.02284417896581365,
          0.9881624370571058,
          0.909746853714472
        ]
      },
      "VQITE": {
        "0.0": [
          0.9999850848150785,
          0.9999724008180452,
          0.9575371695979689
        ],
        "0.01": [
          0.8637193740798577,
          0.9126030306610573,
          0.944901730712458
        ],
        "0.05": [
          0.01902584248893777,
          0.015693569032423093,
          0.006160253433253265
        ]
      },
      "TTITE": {
        "0.0": [
          0.9998921961823862,
          0.9998921961823862,
          0.9998921961823862
        ],
        "0.01": [
          0.2499999999999998,
          0.2499999999999998,
          0.2499999999999998
        ],
        "0.05": [
          0.24999999999999997,
          0.24999999999999997,
          0.24999999999999997
        ]
      }
    }
  },
  "1P1": {
    "noise_levels": [
      0.0,
      0.01,
      0.05
    ],
    "exact_energy": 2.7813278875129814,
    "energies": {
      "VQE": {
        "0.0": [
          2.8093053100585945,
          2.8058758117675775,
          2.8138684692382814
        ],
        "0.01": [
          2.917059039306641,
          2.89213187866211,
          2.8977479370117196
        ],
        "0.05": [
          5.04468934326172,
          3.1855962097167962,
          3.292651580810547
        ]
      },
      "VQITE": {
        "0.0": [
          2.8052786743164067,
          2.788886724853516,
          2.804778442382813
        ],
        "0.01": [
          2.923494946289063,
          2.9082734741210943,
          2.9109506469726565
        ],
        "0.05": [
          4.667796221923829,
          5.523688012695313,
          5.347595355224612
        ]
      },
      "TTITE": {
        "0.0": [
          2.7854555847167966,
          2.7913088684082035,
          2.784220495605469
        ],
        "0.01": [
          5.797475000000001,
          5.797475000000001,
          5.797475000000001
        ],
        "0.05": [
          5.7974749999999995,
          5.7974749999999995,
          5.7974749999999995
        ]
      }
    },
    "fidelities": {
      "VQE": {
        "0.0": [
          0.9857465019490427,
          0.9873162827348948,
          0.9806593518401412
        ],
        "0.01": [
          0.9688844926030229,
          0.9903881732711334,
          0.9837920239422094
        ],
        "0.05": [
          0.0016204183352939027,
          0.9908984309745688,
          0.9638135150714437
        ]
      },
      "VQITE": {
        "0.0": [
          0.982977066553662,
          0.9964778504562642,
          0.9854108380409254
        ],
        "0.01": [
          0.9847360120347213,
          0.9869363353177808,
          0.9844894992561358
        ],
        "0.05": [
          0.32650100019994405,
          0.24441104857002277,
          0.3613416912609691
        ]
      },
      "TTITE": {
        "0.0": [
          0.999977625116606,
          0.999977625116606,
          0.999977625116606
        ],
        "0.01": [
          0.25000000000000006,
          0.25000000000000006,
          0.25000000000000006
        ],
        "0.05": [
          0.2500000000000001,
          0.2500000000000001,
          0.2500000000000001
        ]
      }
    }
  }
}