{
  "paper": "gallimore",
  "method": "vqe_statevector",
  "ground_state_energy": 488.34397136282416,
  "parameters": [
    2.989940097035762,
    3.829344926173565
  ],
  "wavefunction_amplitudes": [
    -0.9885227729447031,
    -0.09590076567227311,
    -0.11672947576848965
  ],
  "energy_levels": [
    488.34397136282416,
    1210.0820658911323,
    2149.9181337902996
  ],
  "exact_energies": [
    492.6342891529043,
    1210.8383795265502,
    2151.6371241500437
  ],
  "convergence": [
    1998.5151226510936,
    628.595134768906,
    511.2771494231659,
    991.4676512897288,
    789.5348675519201,
    502.11064873646836,
    509.4921606336842,
    512.7971174391479,
    494.5963370517157,
    508.3918918752837,
    495.3782422084299,
    500.73037376498877,
    495.91067895357617,
    495.4474610246239,
    498.6728007944045,
    500.18274172866506,
    500.2865070723807,
    498.690226029275,
    488.75728358318463,
    488.34397136282416,
    491.59274506811954,
    492.1997634621676,
    499.1032847276616,
    493.1831439046112,
    494.9680968102339,
    496.69691261576605,
    496.9815989175766,
    497.64296237362737
  ],
  "metadata": {
    "maxiter": 100,
    "num_evaluations": 28,
    "optimizer_message": "Return from COBYLA because the trust region radius reaches its lower bound.",
    "physics_params": {
      "omega": 562.9,
      "kappa": 0.4063,
      "sigma": 195010.56000000003,
      "mu": 637.5
    },
    "excited_states": {
      "2S": {
        "energy": 1210.0820658911323,
        "gamma": 2.60606938605568,
        "wavefunction": [
          0.1299221189993238,
          -0.9339541696741215,
          -0.33294121394481585
        ]
      },
      "3S": {
        "energy": 2149.9181337902996,
        "wavefunction": [
          -0.0770906632766913,
          -0.3442857128778275,
          0.9356945962993299
        ]
      }
    }
  },
  "timestamp": "2026-03-16T22:36:22.269496"
}