{
  "paper": "woloshyn",
  "method": "vqite_statevector",
  "ground_state_energy": 0.39137145527814204,
  "parameters": [
    0.7294244247291102,
    1.4245525090358893,
    -1.0348338147347471
  ],
  "wavefunction_amplitudes": [
    0.916546131883479,
    0.33613073454232995,
    0.18089290867817956,
    0.11931920639785422
  ],
  "energy_levels": [
    0.39137145527814204,
    3.4871549435517304,
    5.637604600250019,
    7.519879504281893
  ],
  "exact_energies": [
    0.3912765244915956,
    3.4828557391676185,
    5.643426598806614,
    7.545361137534175
  ],
  "convergence": [
    1.4257794745781636,
    1.1033113677034192,
    0.8766889751377139,
    0.7198286471130712,
    0.6134017941719274,
    0.5425060220160527,
    0.4953847385731683,
    0.4637946088202212,
    0.44236708286910337,
    0.4276573703433766,
    0.4174407399288807,
    0.41026471327167313,
    0.40517029795941867,
    0.4015172598282776,
    0.39887341275552923,
    0.39694374901955065,
    0.3955246466740571,
    0.39447400551839845,
    0.3936915908643758,
    0.3931059703780442,
    0.39266574456714753,
    0.39233359768371884,
    0.3920822185930152,
    0.39189147331085805,
    0.39174642380513985,
    0.39163592521706847,
    0.3915516227569497,
    0.391487227533217,
    0.39143798927247003,
    0.39140030942529763,
    0.39137145527814204
  ],
  "metadata": {
    "channel": "1S0",
    "n_steps": 30,
    "dtau": 0.02,
    "physics_params": {
      "alpha_s": 0.5461,
      "b": 0.1425,
      "m_c": 1.4794,
      "sigma_smear": 1.0946,
      "omega": 1.2,
      "hbar_c": 0.197326
    },
    "excited_states": {
      "state_2": {
        "energy": 3.4871549435517304,
        "wavefunction": [
          0.36795341486520833,
          -0.9134994834091676,
          -0.07983562303385727,
          -0.15412738755656472
        ]
      },
      "state_3": {
        "energy": 5.637604600250019,
        "wavefunction": [
          -0.1448634771699413,
          -0.12957575751105593,
          0.9809235183086741,
          -0.003707732002522729
        ]
      },
      "state_4": {
        "energy": 7.519879504281893,
        "wavefunction": [
          -0.0004166147210202628,
          -0.16651317133612337,
          -0.020684970259528042,
          0.9858221554667574
        ]
      }
    }
  },
  "timestamp": "2026-03-19T23:02:19.238900"
}