{
  "paper": "gallimore",
  "method": "vqe_statevector",
  "ground_state_energy": 608.3271853551843,
  "parameters": [
    3.0914403106450017,
    2.9596514126204054
  ],
  "wavefunction_amplitudes": [
    -0.9987426348314866,
    0.009070716778762063,
    -0.04930386868166958
  ],
  "energy_levels": [
    608.3271853551843,
    1193.8117141438206,
    2151.6066554785834
  ],
  "exact_energies": [
    492.6342891529043,
    1210.8383795265502,
    2151.6371241500437
  ],
  "convergence": [
    1466.0031195157746,
    681.0136780338718,
    664.5736769262681,
    1408.420971205312,
    1208.7904602838682,
    674.821159354737,
    633.7395507677232,
    711.6114973600492,
    627.3472544007228,
    667.2617185627726,
    609.1167161091147,
    623.2310172333181,
    616.280020687831,
    616.4442003787159,
    613.5869908443995,
    610.4080049127614,
    608.3271853551843,
    617.2278186687694,
    626.0598900277718,
    619.6235686142419,
    614.6503835812778,
    614.1850678915382,
    616.3229041720069,
    622.9404225952088,
    619.9895796358397,
    615.8343712509061,
    616.4737294982435,
    612.3443876637992,
    624.9608770852585
  ],
  "metadata": {
    "maxiter": 100,
    "num_evaluations": 29,
    "optimizer_message": "Return from COBYLA because the trust region radius reaches its lower bound.",
    "physics_params": {
      "omega": 562.9,
      "kappa": 0.4063,
      "sigma": 195010.56000000003,
      "mu": 637.5
    },
    "excited_states": {
      "2S": {
        "energy": 1193.8117141438206,
        "gamma": 1.7373560676656266,
        "wavefunction": [
          0.008311306219419872,
          -0.9399233857494819,
          -0.3412842673053621
        ]
      },
      "3S": {
        "energy": 2151.6066554785834,
        "wavefunction": [
          -0.04943755211159698,
          -0.34126492790550617,
          0.9386661693183914
        ]
      }
    }
  },
  "timestamp": "2026-03-16T22:37:12.313151"
}