{
  "paper": "woloshyn",
  "method": "vqite_statevector",
  "ground_state_energy": 0.4970454629999998,
  "parameters": [
    0.6852103372320387,
    1.4237325996723984,
    -1.0390649077224339
  ],
  "wavefunction_amplitudes": [
    0.9245151080661889,
    0.3167783146394269,
    0.18004108584819017,
    0.11184150275354789
  ],
  "energy_levels": [
    0.4970454629999998,
    3.521964159784364,
    5.585290469554767,
    7.3828069817778585
  ],
  "exact_energies": [
    0.3912765244915956,
    3.4828557391676185,
    5.643426598806614,
    7.545361137534175
  ],
  "convergence": [
    1.5370922770000002,
    1.2252840329999994,
    1.0186944409999998,
    0.858727607,
    0.7382257399999997,
    0.682614665,
    0.6029040849999997,
    0.6003965859999998,
    0.5724035949999999,
    0.5356147619999998,
    0.5544167699999994,
    0.5309167569999997,
    0.5307310789999996,
    0.529466278,
    0.5120174799999997,
    0.538919236,
    0.5260749459999999,
    0.5215634879999994,
    0.518214953,
    0.5229318890000002,
    0.4970454629999998
  ],
  "metadata": {
    "channel": "1S0",
    "n_steps": 20,
    "dtau": 0.02,
    "physics_params": {
      "alpha_s": 0.5461,
      "b": 0.1425,
      "m_c": 1.4794,
      "sigma_smear": 1.0946,
      "omega": 1.2,
      "hbar_c": 0.197326
    },
    "excited_states": {
      "state_2": {
        "energy": 3.521964159784364,
        "wavefunction": [
          0.32470040189194216,
          -0.9328962606402322,
          0.009839618213830675,
          -0.1554908286944578
        ]
      },
      "state_3": {
        "energy": 5.585290469554767,
        "wavefunction": [
          -0.1851543166414789,
          -0.025563322361464202,
          0.9806357836449622,
          0.05846242736922271
        ]
      },
      "state_4": {
        "energy": 7.3828069817778585,
        "wavefunction": [
          0.09010358055852456,
          -0.13653015113733016,
          -0.048167457329821625,
          0.9853531136883523
        ]
      }
    }
  },
  "timestamp": "2026-03-19T22:43:56.597425"
}