{
  "1S0": {
    "noise_levels": [
      0.0,
      0.01,
      0.05
    ],
    "exact_energy": 0.3912765244915958,
    "energies": {
      "VQE": {
        "0.0": [
          0.38362835937499956
        ],
        "0.01": [
          0.5145760742187497
        ],
        "0.05": [
          0.9358077807617187
        ]
      },
      "VQITE": {
        "0.0": [
          0.3937876025390622
        ],
        "0.01": [
          3.2201683203125
        ],
        "0.05": [
          1.2945600024414061
        ]
      },
      "TTITE": {
        "0.0": [
          0.39406458740234385
        ],
        "0.01": [
          0.4228689184570312
        ],
        "0.05": [
          0.46402435058593733
        ]
      }
    },
    "fidelities": {
      "VQE": {
        "0.0": [
          0.9939765329834377
        ],
        "0.01": [
          0.992927823250847
        ],
        "0.05": [
          0.9937020623417637
        ]
      },
      "VQITE": {
        "0.0": [
          0.9999950049215005
        ],
        "0.01": [
          0.12404191106855418
        ],
        "0.05": [
          0.8939787308449472
        ]
      },
      "TTITE": {
        "0.0": [
          0.9998348699389668
        ],
        "0.01": [
          0.9947344442833308
        ],
        "0.05": [
          0.9737306434719516
        ]
      }
    }
  },
  "3S1": {
    "noise_levels": [
      0.0,
      0.01,
      0.05
    ],
    "exact_energy": 0.7521796229275605,
    "energies": {
      "VQE": {
        "0.0": [
          0.7710962402343751
        ],
        "0.01": [
          3.6112818237304687
        ],
        "0.05": [
          1.3130652465820312
        ]
      },
      "VQITE": {
        "0.0": [
          0.7539715087890629
        ],
        "0.01": [
          0.8846595947265629
        ],
        "0.05": [
          6.269020227050781
        ]
      },
      "TTITE": {
        "0.0": [
          0.7521628540039061
        ],
        "0.01": [
          0.7628447021484377
        ],
        "0.05": [
          0.8020066528320314
        ]
      }
    },
    "fidelities": {
      "VQE": {
        "0.0": [
          0.986611193606916
        ],
        "0.01": [
          0.026326932183122913
        ],
        "0.05": [
          0.9779891765305225
        ]
      },
      "VQITE": {
        "0.0": [
          0.9999780296618077
        ],
        "0.01": [
          0.9991490265269084
        ],
        "0.05": [
          0.1190799930625516
        ]
      },
      "TTITE": {
        "0.0": [
          0.9998921961823862
        ],
        "0.01": [
          0.9948143355937318
        ],
        "0.05": [
          0.9739643129064637
        ]
      }
    }
  },
  "1P1": {
    "noise_levels": [
      0.0,
      0.01,
      0.05
    ],
    "exact_energy": 2.7813278875129814,
    "energies": {
      "VQE": {
        "0.0": [
          2.7956089965820317
        ],
        "0.01": [
          2.891137158203125
        ],
        "0.05": [
          3.191131988525391
        ]
      },
      "VQITE": {
        "0.0": [
          2.795711102294922
        ],
        "0.01": [
          2.9263505859375005
        ],
        "0.05": [
          3.3765574584960945
        ]
      },
      "TTITE": {
        "0.0": [
          2.780650579833985
        ],
        "0.01": [
          2.777838677978516
        ],
        "0.05": [
          2.79640806274414
        ]
      }
    },
    "fidelities": {
      "VQE": {
        "0.0": [
          0.9847313305130982
        ],
        "0.01": [
          0.9863638214453384
        ],
        "0.05": [
          0.9878478135510473
        ]
      },
      "VQITE": {
        "0.0": [
          0.9884950241398044
        ],
        "0.01": [
          0.9842355694339464
        ],
        "0.05": [
          0.9445042131610766
        ]
      },
      "TTITE": {
        "0.0": [
          0.999977625116606
        ],
        "0.01": [
          0.994947445643376
        ],
        "0.05": [
          0.9745307618258097
        ]
      }
    }
  }
}