{
  "1S0": {
    "noise_levels": [
      0.0,
      0.01,
      0.05
    ],
    "exact_energy": 0.3912765244915958,
    "energies": {
      "VQE": {
        "0.0": [
          0.39127652617874975
        ],
        "0.01": [
          0.5775402807617185
        ],
        "0.05": [
          0.9581646874999995
        ]
      },
      "VQITE": {
        "0.0": [
          0.39127700585479747
        ],
        "0.01": [
          0.5141706347656247
        ],
        "0.05": [
          0.961488879394531
        ]
      },
      "TTITE": {
        "0.0": [
          0.392005738695858
        ],
        "0.01": [
          3.445337577429706
        ],
        "0.05": [
          4.17184685929286
        ]
      }
    },
    "fidelities": {
      "VQE": {
        "0.0": [
          0.9999999996761284
        ],
        "0.01": [
          0.9666266561843359
        ],
        "0.05": [
          0.9947587408177643
        ]
      },
      "VQITE": {
        "0.0": [
          0.9999998443053125
        ],
        "0.01": [
          0.9999683376680795
        ],
        "0.05": [
          0.9989085178782284
        ]
      },
      "TTITE": {
        "0.0": [
          0.9998348699389668
        ],
        "0.01": [
          0.38075266436647026
        ],
        "0.05": [
          0.26388105144837504
        ]
      }
    }
  },
  "3S1": {
    "noise_levels": [
      0.0,
      0.01,
      0.05
    ],
    "exact_energy": 0.7521796229275605,
    "energies": {
      "VQE": {
        "0.0": [
          0.7521796288813064
        ],
        "0.01": [
          3.5452217529296877
        ],
        "0.05": [
          1.2421394531250005
        ]
      },
      "VQITE": {
        "0.0": [
          0.7521804378471005
        ],
        "0.01": [
          0.8583289550781253
        ],
        "0.05": [
          1.243876232910156
        ]
      },
      "TTITE": {
        "0.0": [
          0.752624155299557
        ],
        "0.01": [
          3.69640224906307
        ],
        "0.05": [
          4.357992740699585
        ]
      }
    },
    "fidelities": {
      "VQE": {
        "0.0": [
          0.9999999987335515
        ],
        "0.01": [
          0.04271815777807582
        ],
        "0.05": [
          0.9985812890299237
        ]
      },
      "VQITE": {
        "0.0": [
          0.9999997171917845
        ],
        "0.01": [
          0.99996760820178
        ],
        "0.05": [
          0.9993348372062512
        ]
      },
      "TTITE": {
        "0.0": [
          0.999892196182386
        ],
        "0.01": [
          0.37167406257479996
        ],
        "0.05": [
          0.26221069354427334
        ]
      }
    }
  },
  "1P1": {
    "noise_levels": [
      0.0,
      0.01,
      0.05
    ],
    "exact_energy": 2.7813278875129814,
    "energies": {
      "VQE": {
        "0.0": [
          2.7813282042733096
        ],
        "0.01": [
          2.8492740173339848
        ],
        "0.05": [
          5.052637536621093
        ]
      },
      "VQITE": {
        "0.0": [
          2.7813331724615558
        ],
        "0.01": [
          2.866304193115235
        ],
        "0.05": [
          3.1900920593261723
        ]
      },
      "TTITE": {
        "0.0": [
          2.7814200206587683
        ],
        "0.01": [
          5.272173454931065
        ],
        "0.05": [
          5.740539665374307
        ]
      }
    },
    "fidelities": {
      "VQE": {
        "0.0": [
          0.9999999320211188
        ],
        "0.01": [
          0.9976968751084021
        ],
        "0.05": [
          0.0054564813361127435
        ]
      },
      "VQITE": {
        "0.0": [
          0.9999974888895432
        ],
        "0.01": [
          0.9999770635893295
        ],
        "0.05": [
          0.9993940879484353
        ]
      },
      "TTITE": {
        "0.0": [
          0.9999776251166058
        ],
        "0.01": [
          0.34351526570830637
        ],
        "0.05": [
          0.25881985898242954
        ]
      }
    }
  }
}