{
  "paper": "woloshyn",
  "method": "vqite_statevector",
  "ground_state_energy": 2.7813331724615558,
  "parameters": [
    0.25733542594409714,
    1.321496918359075,
    -1.1383869218817304
  ],
  "wavefunction_amplitudes": [
    0.9875801125949633,
    0.12093105845944717,
    0.09067138260226175,
    0.04289406350291035
  ],
  "energy_levels": [
    2.7813331724615558,
    4.886012675420426,
    6.750924741210356,
    8.76995490086054
  ],
  "exact_energies": [
    2.7813278875129814,
    4.882875126385454,
    6.755587464283373,
    8.770109521818203
  ],
  "convergence": [
    3.75630085366524,
    3.461519181815409,
    3.249141840470556,
    3.1011780490510583,
    3.0000932280761603,
    2.9316174784704323,
    2.885257560827776,
    2.8537519823092157,
    2.8322272620041677,
    2.8174330268931014,
    2.8071926666719627,
    2.8000456409336927,
    2.7950120390607984,
    2.7914332325131115,
    2.7888643864200473,
    2.787002928782917,
    2.785641367626145,
    2.7846361959743926,
    2.7838873178183143,
    2.7833243365097724,
    2.782897342918432,
    2.782570673795659,
    2.782318647425197,
    2.7821226272257107,
    2.78196898440638,
    2.781847674613031,
    2.7817512368797934,
    2.7816740850149233,
    2.7816120029262916,
    2.7815617829902486,
    2.7815209652889306,
    2.7814876484546294,
    2.7814603515571004,
    2.7814379125829527,
    2.7814194133328813,
    2.7814041234395357,
    2.781391458350435,
    2.781380947549969,
    2.7813722103454825,
    2.7813649372727385,
    2.7813588757110894,
    2.781353818672418,
    2.7813495959981993,
    2.7813460674027044,
    2.781343116934979,
    2.781340648549921,
    2.781338582538609,
    2.7813368526423266,
    2.7813354037060534,
    2.781334189762335,
    2.7813331724615558
  ],
  "metadata": {
    "channel": "1P1",
    "n_steps": 50,
    "dtau": 0.02,
    "physics_params": {
      "alpha_s": 0.5461,
      "b": 0.1425,
      "m_c": 1.4794,
      "sigma_smear": 1.0946,
      "omega": 1.2,
      "hbar_c": 0.197326
    },
    "excited_states": {
      "state_2": {
        "energy": 4.886012675420426,
        "wavefunction": [
          0.1187393361842537,
          -0.9804417777536794,
          0.07290362587598204,
          -0.1389962294879348
        ]
      },
      "state_3": {
        "energy": 6.750924741210356,
        "wavefunction": [
          -0.09269251170809119,
          0.0985053535757041,
          0.9710613303207128,
          -0.19683669969276132
        ]
      },
      "state_4": {
        "energy": 8.76995490086054,
        "wavefunction": [
          -0.045042345448931265,
          -0.1277082606335834,
          0.20339785635052526,
          0.9696860828713668
        ]
      }
    }
  },
  "timestamp": "2026-03-16T23:50:24.287376"
}