{
  "paper": "woloshyn",
  "method": "vqite_statevector",
  "ground_state_energy": 0.39127700585479747,
  "parameters": [
    0.7394852520850719,
    1.4275488427979666,
    -1.036407878709444
  ],
  "wavefunction_amplitudes": [
    0.9146456269600682,
    0.3408306176143037,
    0.18119368551658652,
    0.12011126303720383
  ],
  "energy_levels": [
    0.39127700585479747,
    3.482969926519223,
    5.643299624126421,
    7.54513274938112
  ],
  "exact_energies": [
    0.3912765244915956,
    3.4828557391676185,
    5.643426598806614,
    7.545361137534175
  ],
  "convergence": [
    1.4257794745781636,
    1.1033113677034192,
    0.8766889751377139,
    0.7198286471130712,
    0.6134017941719274,
    0.5425060220160527,
    0.4953847385731683,
    0.4637946088202212,
    0.44236708286910337,
    0.4276573703433766,
    0.4174407399288807,
    0.41026471327167313,
    0.40517029795941867,
    0.4015172598282776,
    0.39887341275552923,
    0.39694374901955065,
    0.3955246466740571,
    0.39447400551839845,
    0.3936915908643758,
    0.3931059703780442,
    0.39266574456714753,
    0.39233359768371884,
    0.3920822185930152,
    0.39189147331085805,
    0.39174642380513985,
    0.39163592521706847,
    0.3915516227569497,
    0.391487227533217,
    0.39143798927247003,
    0.39140030942529763,
    0.39137145527814204,
    0.3913493474153742,
    0.39133240088277094,
    0.39131940593490366,
    0.3913094381564104,
    0.39130179049980973,
    0.39129592176133465,
    0.39129141741735524,
    0.3912879598107308,
    0.3912853054110803,
    0.39128326745459363,
    0.3912817026706561,
    0.3912805011287189,
    0.39127957846406086,
    0.3912788699222785,
    0.3912783257949843,
    0.39127790791983774,
    0.3912775869963651,
    0.3912773405265825,
    0.3912771512347989,
    0.39127700585479747
  ],
  "metadata": {
    "channel": "1S0",
    "n_steps": 50,
    "dtau": 0.02,
    "physics_params": {
      "alpha_s": 0.5461,
      "b": 0.1425,
      "m_c": 1.4794,
      "sigma_smear": 1.0946,
      "omega": 1.2,
      "hbar_c": 0.197326
    },
    "excited_states": {
      "state_2": {
        "energy": 3.482969926519223,
        "wavefunction": [
          0.38000630035976374,
          -0.9049502044926719,
          -0.11601415190643903,
          -0.1523189273629056
        ]
      },
      "state_3": {
        "energy": 5.643299624126421,
        "wavefunction": [
          -0.12568707760585104,
          -0.1701282346588119,
          0.9767973249147551,
          -0.03355783565957365
        ]
      },
      "state_4": {
        "energy": 7.54513274938112,
        "wavefunction": [
          -0.05315290610664341,
          -0.18655583410868617,
          -0.006983850133529904,
          0.9809805885794801
        ]
      }
    }
  },
  "timestamp": "2026-03-16T23:50:24.286304"
}