{
  "paper": "woloshyn",
  "method": "vqite_statevector",
  "ground_state_energy": 0.7521804378471005,
  "parameters": [
    0.5994592664017125,
    1.4209549220505686,
    -1.123234647174077
  ],
  "wavefunction_amplitudes": [
    0.944850188149361,
    0.2821875315409187,
    0.1416987284669756,
    0.08688952380927345
  ],
  "energy_levels": [
    0.7521804378471005,
    3.6336627411465052,
    5.726178295519896,
    7.645548688079871
  ],
  "exact_energies": [
    0.7521796229275604,
    3.6334041645766804,
    5.726520654573424,
    7.6456955579223385
  ],
  "convergence": [
    1.8036214219788056,
    1.4731746259832765,
    1.2414446074078074,
    1.0825213912340237,
    0.9747809719865634,
    0.9026987454902272,
    0.8548745434262132,
    0.8230619437694081,
    0.8016999285659129,
    0.7871875385551498,
    0.7772095543656287,
    0.7702675441544222,
    0.7653817348977842,
    0.761904533931968,
    0.7594032836252074,
    0.7575858182448891,
    0.7562527177314856,
    0.7552663908898788,
    0.7545308737801323,
    0.7539785120645532,
    0.7535611025103416,
    0.753243946833618,
    0.7530018221773461,
    0.752816224040251,
    0.7526734605491768,
    0.7525633217937452,
    0.7524781409121369,
    0.7524121248274569,
    0.7523608723832635,
    0.7523210240298062,
    0.7522900048332191,
    0.7522658343474353,
    0.7522469848414941,
    0.7522322748717676,
    0.7522207888732947,
    0.752211816077096,
    0.7522048038931776,
    0.7521993221879198,
    0.7521950358077456,
    0.7521916833893707,
    0.752189060972413,
    0.7521870093016414,
    0.7521854039694386,
    0.7521841477537728,
    0.7521831646530059,
    0.7521823952388577,
    0.7521817930322073,
    0.7521813216751401,
    0.7521809527228965,
    0.7521806639189794,
    0.7521804378471005
  ],
  "metadata": {
    "channel": "3S1",
    "n_steps": 50,
    "dtau": 0.02,
    "physics_params": {
      "alpha_s": 0.5461,
      "b": 0.1425,
      "m_c": 1.4794,
      "sigma_smear": 1.0946,
      "omega": 1.2,
      "hbar_c": 0.197326
    },
    "excited_states": {
      "state_2": {
        "energy": 3.6336627411465052,
        "wavefunction": [
          0.30489969095787084,
          -0.9389700542791265,
          -0.08042799342829511,
          -0.1374872848446256
        ]
      },
      "state_3": {
        "energy": 5.726178295519896,
        "wavefunction": [
          -0.11017625604191231,
          -0.1087522661279214,
          0.9862915874357052,
          -0.05712304062447354
        ]
      },
      "state_4": {
        "energy": 7.645548688079871,
        "wavefunction": [
          -0.04485352443610012,
          -0.16166248112215084,
          0.032774277069121276,
          0.9852813051640059
        ]
      }
    }
  },
  "timestamp": "2026-03-16T23:50:24.287003"
}