{
  "paper": "yihuoliufanzhang",
  "method": "ttite",
  "ground_state_energy": -0.7867953562541019,
  "parameters": [],
  "wavefunction_amplitudes": [
    0.9966035388029709,
    0.007533471173070796,
    0.007533471173070789,
    0.08165708829957442
  ],
  "energy_levels": [
    -0.7867953562541019
  ],
  "exact_energies": [
    -0.7892693798477969
  ],
  "convergence": [
    0.8638463300000001,
    0.15628379334704826,
    -0.3611831127094316,
    -0.6184895494258141,
    -0.7234839755511442,
    -0.7633745893273141,
    -0.7782238213512269,
    -0.7837255427919674,
    -0.7857623974723861,
    -0.7865163608500141,
    -0.7867953562541019
  ],
  "metadata": {
    "system": "h2",
    "tau": 3.0,
    "dt": 0.3,
    "order": 10,
    "fidelity": 0.9991257189572074,
    "fidelity_history": [
      0.22297016618922572,
      0.5002473226089407,
      0.7543788153661407,
      0.8975067631173254,
      0.9598921456000347,
      0.9844073856263929,
      0.9936942430766047,
      0.997169379210122,
      0.9984644994265918,
      0.9989464730719924,
      0.9991257189572074
    ],
    "tau_values": [
      0.0,
      0.3,
      0.6,
      0.8999999999999999,
      1.2,
      1.5,
      1.7999999999999998,
      2.1,
      2.4,
      2.6999999999999997,
      3.0
    ],
    "success_probabilities": [
      0.05741104022543897,
      0.0839973023259476,
      0.10575876727181688,
      0.11732975194669884,
      0.12222676008253379,
      0.12412198383547754,
      0.1248339119536509,
      0.12509889344272423,
      0.1251972435600186,
      0.12523370910238557
    ]
  },
  "timestamp": "2026-03-17T00:15:14.656603"
}