{
  "paper": "yihuoliufanzhang",
  "method": "ttite",
  "ground_state_energy": -0.7891793754023086,
  "parameters": [],
  "wavefunction_amplitudes": [
    0.9988146421515343,
    0.0,
    0.0,
    0.04867556495514269
  ],
  "energy_levels": [
    -0.7891793754023086
  ],
  "exact_energies": [
    -0.7892693798477969
  ],
  "convergence": [
    0.8638463300000001,
    -0.7891793754023086,
    -0.7891793754023086,
    -0.7891793754023086,
    -0.7891793754023086,
    -0.7891793754023086,
    -0.7891793754023086,
    -0.7891793754023086,
    -0.7891793754023086,
    -0.7891793754023086,
    -0.7891793754023086
  ],
  "metadata": {
    "system": "h2",
    "tau": 3.0,
    "dt": 0.3,
    "order": 10,
    "fidelity": 0.999970071267534,
    "fidelity_history": [
      0.22297016618922572,
      0.999970071267534,
      0.999970071267534,
      0.999970071267534,
      0.999970071267534,
      0.999970071267534,
      0.999970071267534,
      0.999970071267534,
      0.999970071267534,
      0.999970071267534,
      0.999970071267534
    ],
    "tau_values": [
      0.0,
      0.3,
      0.6,
      0.8999999999999999,
      1.2,
      1.5,
      1.7999999999999998,
      2.1,
      2.4,
      2.6999999999999997,
      3.0
    ],
    "success_probabilities": [
      0.062008623624594354,
      0.13273946047708127,
      0.13273946047708127,
      0.13273946047708127,
      0.13273946047708127,
      0.13273946047708127,
      0.13273946047708127,
      0.13273946047708127,
      0.13273946047708127,
      0.13273946047708127
    ]
  },
  "timestamp": "2026-03-17T01:55:52.530262"
}