{
  "paper": "yihuoliufanzhang",
  "method": "ttite",
  "ground_state_energy": -11.0,
  "parameters": [],
  "wavefunction_amplitudes": [
    1.0,
    0.0,
    0.0,
    0.0,
    0.0,
    0.0,
    0.0,
    0.0,
    0.0,
    0.0,
    0.0,
    0.0,
    0.0,
    0.0,
    0.0,
    0.0,
    0.0,
    0.0,
    0.0,
    0.0,
    0.0,
    0.0,
    0.0,
    0.0,
    0.0,
    0.0,
    0.0,
    0.0,
    0.0,
    0.0,
    0.0,
    0.0,
    0.0,
    0.0,
    0.0,
    0.0,
    0.0,
    0.0,
    0.0,
    0.0,
    0.0,
    0.0,
    0.0,
    0.0,
    0.0,
    0.0,
    0.0,
    0.0,
    0.0,
    0.0,
    0.0,
    0.0,
    0.0,
    0.0,
    0.0,
    0.0,
    0.0,
    0.0,
    0.0,
    0.0,
    0.0,
    0.0,
    0.0,
    0.0
  ],
  "energy_levels": [
    -11.0
  ],
  "exact_energies": [
    -11.0
  ],
  "convergence": [
    -5.0,
    -11.0,
    -11.0,
    -11.0,
    -11.0,
    -11.0,
    -11.0,
    -11.0,
    -11.0,
    -11.0,
    -11.0,
    -11.0,
    -11.0,
    -11.0,
    -11.0,
    -11.0,
    -11.0,
    -11.0,
    -11.0,
    -11.0,
    -11.0
  ],
  "metadata": {
    "system": "heisenberg",
    "tau": 2.0,
    "dt": 0.1,
    "order": 10,
    "fidelity": 1.0,
    "fidelity_history": [
      0.015625,
      1.0,
      1.0,
      1.0,
      1.0,
      1.0,
      1.0,
      1.0,
      1.0,
      1.0,
      1.0,
      1.0,
      1.0,
      1.0,
      1.0,
      1.0,
      1.0,
      1.0,
      1.0,
      1.0,
      1.0
    ],
    "tau_values": [
      0.0,
      0.1,
      0.2,
      0.30000000000000004,
      0.4,
      0.5,
      0.6000000000000001,
      0.7000000000000001,
      0.8,
      0.9,
      1.0,
      1.1,
      1.2000000000000002,
      1.3,
      1.4000000000000001,
      1.5,
      1.6,
      1.7000000000000002,
      1.8,
      1.9000000000000001,
      2.0
    ],
    "success_probabilities": [
      1.8727409476134916e-08,
      2.4904855952114707e-06,
      2.4904855952114707e-06,
      2.4904855952114707e-06,
      2.4904855952114707e-06,
      2.4904855952114707e-06,
      2.4904855952114707e-06,
      2.4904855952114707e-06,
      2.4904855952114707e-06,
      2.4904855952114707e-06,
      2.4904855952114707e-06,
      2.4904855952114707e-06,
      2.4904855952114707e-06,
      2.4904855952114707e-06,
      2.4904855952114707e-06,
      2.4904855952114707e-06,
      2.4904855952114707e-06,
      2.4904855952114707e-06,
      2.4904855952114707e-06,
      2.4904855952114707e-06
    ]
  },
  "timestamp": "2026-03-17T09:33:26.685587"
}