{
  "paper": "gallimore",
  "method": "vqe_statevector",
  "ground_state_energy": 662.8910538568931,
  "parameters": [
    2.9376453156590423,
    4.369724879193867
  ],
  "wavefunction_amplitudes": [
    -0.979274729460275,
    -0.19076154191374997,
    -0.0680517330212366
  ],
  "energy_levels": [
    662.8910538568931,
    1209.6164037272838,
    2148.207889461777
  ],
  "exact_energies": [
    492.6342891529043,
    1210.8383795265502,
    2151.6371241500437
  ],
  "convergence": [
    1901.9776622202144,
    1547.7349664400006,
    1057.4498063531678,
    729.1027638849065,
    1173.2823808447579,
    703.647066419291,
    733.8074894758287,
    718.1150637018729,
    690.9326169268132,
    675.3311183916225,
    672.11424450706,
    708.8500441105255,
    663.7504332386063,
    666.705860103337,
    670.658411257557,
    664.7597404940468,
    667.0675990550848,
    668.6759657241912,
    668.560164144514,
    667.7096142455655,
    669.5724823673112,
    670.4933256861042,
    665.3351163561592,
    662.8910538568931,
    666.8408739030662,
    665.7801056445867,
    664.4915906286872,
    669.4626277681213,
    666.2897647663173,
    666.9125041292777,
    668.4809592237569,
    666.7628719385959,
    664.1963652863519,
    670.5023574048843,
    670.4461621298508
  ],
  "metadata": {
    "maxiter": 100,
    "num_evaluations": 35,
    "optimizer_message": "Return from COBYLA because the trust region radius reaches its lower bound.",
    "physics_params": {
      "omega": 562.9,
      "kappa": 0.4063,
      "sigma": 195010.56000000003,
      "mu": 637.5
    },
    "excited_states": {
      "2S": {
        "energy": 1209.6164037272838,
        "gamma": 3.1373769262502265,
        "wavefunction": [
          0.20253462717494022,
          -0.9237507882623609,
          -0.32506031129588026
        ]
      },
      "3S": {
        "energy": 2148.207889461777,
        "wavefunction": [
          -0.0008538358232213705,
          -0.3321061807786107,
          0.9432416210351575
        ]
      }
    }
  },
  "timestamp": "2026-03-16T23:06:06.103796"
}