{
  "paper": "gallimore",
  "method": "vqe_statevector",
  "ground_state_energy": 492.634295820003,
  "parameters": [
    2.9725579233568173,
    4.095029402755965
  ],
  "wavefunction_amplitudes": [
    -0.9857476143337092,
    -0.137177136260685,
    -0.0973862111529065
  ],
  "energy_levels": [
    492.634295820003,
    1210.8383794923561,
    2151.6371175171403
  ],
  "exact_energies": [
    492.6342891529043,
    1210.8383795265502,
    2151.6371241500437
  ],
  "convergence": [
    512.3444824032051,
    1665.347807665851,
    505.33675243828793,
    1155.6459820147784,
    822.685767162363,
    504.85897094000245,
    515.8069981657363,
    516.8496036054888,
    494.9568519450237,
    503.9501868253958,
    495.29448818286403,
    495.19164328446993,
    495.33733528307664,
    494.84884378380593,
    494.691199735273,
    494.4646983614467,
    494.102587110513,
    493.52610849796713,
    493.46194708870064,
    492.8477819907778,
    497.6764061811104,
    493.521929402595,
    492.8224939425421,
    493.4818068126,
    492.72780381289965,
    492.7758830065086,
    492.7209899659787,
    492.74107750892483,
    492.72010744997317,
    492.7141306151269,
    492.70558192631313,
    492.69226676422556,
    492.68868545897465,
    492.67477811692504,
    492.66820016943154,
    492.6543801725868,
    492.68039466384903,
    492.6484562161347,
    492.6649107629761,
    492.64923215654267,
    492.64576241780287,
    492.64948416479797,
    492.64441452487165,
    492.6432448524529,
    492.6420587312957,
    492.6399462044626,
    492.64138844662807,
    492.641456353717,
    492.63997819754786,
    492.640457216375,
    492.64001120369926,
    492.63970344106815,
    492.63923537862263,
    492.6383806459403,
    492.6375823845817,
    492.63627385918414,
    492.63662364663105,
    492.637814054185,
    492.63632006179273,
    492.6359450263842,
    492.6358293260529,
    492.63556589930397,
    492.6353784409878,
    492.6351753337698,
    492.6348636150444,
    492.63740563573344,
    492.6351867401314,
    492.6350708762279,
    492.63481427722525,
    492.6347920328276,
    492.6347209359941,
    492.63466069128515,
    492.63461847484984,
    492.6345049309617,
    492.63462102957976,
    492.634475681593,
    492.6345664515852,
    492.63447198411825,
    492.6344518792306,
    492.63443876693293,
    492.6344244213757,
    492.63440956091347,
    492.6343837679642,
    492.634376868461,
    492.6343356654794,
    492.6343663472006,
    492.63436809240454,
    492.6343415823794,
    492.6343343511463,
    492.63432545451803,
    492.63431782588975,
    492.6343082033144,
    492.6343253616825,
    492.63430385031336,
    492.6343082690222,
    492.63430007362376,
    492.6342974649996,
    492.6343113795514,
    492.634295820003,
    492.6342961652755
  ],
  "metadata": {
    "maxiter": 300,
    "num_evaluations": 100,
    "optimizer_message": "Return from COBYLA because the trust region radius reaches its lower bound.",
    "physics_params": {
      "omega": 562.9,
      "kappa": 0.4063,
      "sigma": 195010.56000000003,
      "mu": 637.5
    },
    "excited_states": {
      "2S": {
        "energy": 1210.8383794923561,
        "gamma": 2.869715644955457,
        "wavefunction": [
          0.16205154837019328,
          -0.9297174808424516,
          -0.33070334362807496
        ]
      },
      "3S": {
        "energy": 2151.6371175171403,
        "wavefunction": [
          -0.04517672527113872,
          -0.34177161834079084,
          0.9386965560768257
        ]
      }
    }
  },
  "timestamp": "2026-03-16T22:25:05.937933"
}